{"0.45": {"pitchClass": 16.0, "noteName": "E", "cents_innacurate": 0.38774000000000086}, "0.725": {"pitchClass": 16.0, "noteName": "E", "cents_innacurate": -0.25051999999999985}, "0.975": {"pitchClass": 16.0, "noteName": "E", "cents_innacurate": -0.06775999999999982}, "1.225": {"pitchClass": 16.0, "noteName": "E", "cents_innacurate": -0.15221000000000018}, "1.525": {"pitchClass": 18.0, "noteName": "F#", "cents_innacurate": -0.10232999999999848}, "1.775": {"pitchClass": 18.0, "noteName": "F#", "cents_innacurate": 0.2908399999999993}, "2.025": {"pitchClass": 18.0, "noteName": "F#", "cents_innacurate": 0.08146999999999949}, "2.275": {"pitchClass": 18.0, "noteName": "F#", "cents_innacurate": 0.20968999999999838}, "2.525": {"pitchClass": 20.0, "noteName": "G#", "cents_innacurate": -0.4913999999999987}, "2.775": {"pitchClass": 20.0, "noteName": "G#", "cents_innacurate": 0.11630999999999858}, "3.025": {"pitchClass": 20.0, "noteName": "G#", "cents_innacurate": 0.0893499999999996}, "3.275": {"pitchClass": 20.0, "noteName": "G#", "cents_innacurate": 0.22495999999999938}, "3.525": {"pitchClass": 21.0, "noteName": "A", "cents_innacurate": 0.2696499999999986}, "3.775": {"pitchClass": 21.0, "noteName": "A", "cents_innacurate": 0.2696499999999986}, "4.025": {"pitchClass": 21.0, "noteName": "A", "cents_innacurate": 0.3279400000000017}, "4.3": {"pitchClass": 21.0, "noteName": "A", "cents_innacurate": 0.2711900000000007}, "4.625": {"pitchClass": 23.0, "noteName": "B", "cents_innacurate": 0.04035000000000011}, "4.875": {"pitchClass": 23.0, "noteName": "B", "cents_innacurate": -0.21347000000000094}, "5.125": {"pitchClass": 23.0, "noteName": "B", "cents_innacurate": -0.22397000000000133}, "5.45": {"pitchClass": 24.0, "noteName": "C", "cents_innacurate": -0.40951000000000093}, "5.725": {"pitchClass": 25.0, "noteName": "C#", "cents_innacurate": -0.29469999999999885}, "5.975": {"pitchClass": 24.0, "noteName": "C", "cents_innacurate": 0.42605999999999966}, "6.275": {"pitchClass": 24.0, "noteName": "C", "cents_innacurate": 0.42605999999999966}, "6.625": {"pitchClass": 26.0, "noteName": "D", "cents_innacurate": -0.08014999999999972}, "6.925": {"pitchClass": 26.0, "noteName": "D", "cents_innacurate": 0.09782999999999831}, "7.175": {"pitchClass": 26.0, "noteName": "D", "cents_innacurate": 0.16114999999999924}, "7.425": {"pitchClass": 21.0, "noteName": "A", "cents_innacurate": -0.23374000000000095}, "7.675": {"pitchClass": 27.0, "noteName": "D#", "cents_innacurate": 0.2532500000000013}, "7.925": {"pitchClass": 27.0, "noteName": "D#", "cents_innacurate": 0.28042999999999907}, "8.175": {"pitchClass": 27.0, "noteName": "D#", "cents_innacurate": 0.40468999999999866}, "8.45": {"pitchClass": 24.0, "noteName": "C", "cents_innacurate": -0.048960000000001}, "8.725": {"pitchClass": 14.0, "noteName": "D", "cents_innacurate": -0.14283}, "8.975": {"pitchClass": 26.0, "noteName": "D", "cents_innacurate": -0.2291799999999995}, "9.275": {"pitchClass": 5.0, "noteName": "F", "cents_innacurate": 0.1683300000000001}, "9.675": {"pitchClass": 23.0, "noteName": "B", "cents_innacurate": 0.17987000000000108}, "9.925": {"pitchClass": 24.0, "noteName": "C", "cents_innacurate": -0.0066899999999989745}, "10.275": {"pitchClass": 24.0, "noteName": "C", "cents_innacurate": -0.006499999999999062}, "10.575": {"pitchClass": 23.0, "noteName": "B", "cents_innacurate": -0.4636199999999988}, "10.925": {"pitchClass": 23.0, "noteName": "B", "cents_innacurate": -0.49465000000000003}, "11.225": {"pitchClass": 23.0, "noteName": "B", "cents_innacurate": -0.47397000000000133}, "11.625": {"pitchClass": 12.0, "noteName": "C", "cents_innacurate": 0.19420000000000037}, "11.925": {"pitchClass": 21.0, "noteName": "A", "cents_innacurate": -0.20467999999999975}, "12.175": {"pitchClass": 21.0, "noteName": "A", "cents_innacurate": 0.04034000000000049}, "12.425": {"pitchClass": 21.0, "noteName": "A", "cents_innacurate": 0.04034000000000049}, "12.675": {"pitchClass": 20.0, "noteName": "G#", "cents_innacurate": 0.22495999999999938}, "12.925": {"pitchClass": 20.0, "noteName": "G#", "cents_innacurate": 0.10732000000000141}, "13.175": {"pitchClass": 20.0, "noteName": "G#", "cents_innacurate": 0.11630999999999858}, "13.525": {"pitchClass": 19.0, "noteName": "G", "cents_innacurate": 0.3268500000000003}, "13.775": {"pitchClass": 18.0, "noteName": "F#", "cents_innacurate": 0.48629000000000033}}