{"0.125": {"pitchClass": 15.0, "noteName": "D#", "cents_innacurate": -0.3459299999999992}, "0.375": {"pitchClass": 22.0, "noteName": "A#", "cents_innacurate": -0.3669499999999992}, "0.625": {"pitchClass": 21.0, "noteName": "A", "cents_innacurate": 0.4053600000000017}, "0.875": {"pitchClass": 23.0, "noteName": "B", "cents_innacurate": -0.24494999999999933}, "1.125": {"pitchClass": 15.0, "noteName": "D#", "cents_innacurate": -0.17605999999999966}, "1.375": {"pitchClass": 15.0, "noteName": "D#", "cents_innacurate": -0.09652999999999956}, "1.625": {"pitchClass": 15.0, "noteName": "D#", "cents_innacurate": 0.07746999999999993}, "1.875": {"pitchClass": 15.0, "noteName": "D#", "cents_innacurate": 0.07075000000000031}, "2.125": {"pitchClass": 11.0, "noteName": "B", "cents_innacurate": 0.4180399999999995}, "2.375": {"pitchClass": 22.0, "noteName": "A#", "cents_innacurate": 0.06343000000000032}, "2.625": {"pitchClass": 23.0, "noteName": "B", "cents_innacurate": -0.08811999999999998}, "2.875": {"pitchClass": 21.0, "noteName": "A", "cents_innacurate": -0.1343500000000013}, "3.125": {"pitchClass": 19.0, "noteName": "G", "cents_innacurate": 0.41166000000000125}, "3.375": {"pitchClass": 25.0, "noteName": "C#", "cents_innacurate": -0.2829499999999996}, "3.625": {"pitchClass": 24.0, "noteName": "C", "cents_innacurate": 0.42605999999999966}, "3.875": {"pitchClass": 4.0, "noteName": "E", "cents_innacurate": 0.2290000000000001}, "4.125": {"pitchClass": -1.0, "noteName": "B", "cents_innacurate": 0.0}, "4.375": {"pitchClass": 19.0, "noteName": "G", "cents_innacurate": -0.08851999999999904}, "4.625": {"pitchClass": 19.0, "noteName": "G", "cents_innacurate": 0.23910000000000053}, "4.875": {"pitchClass": 19.0, "noteName": "G", "cents_innacurate": 0.23910000000000053}, "5.125": {"pitchClass": 19.0, "noteName": "G", "cents_innacurate": 0.23910000000000053}, "5.375": {"pitchClass": 19.0, "noteName": "G", "cents_innacurate": 0.23910000000000053}, "5.625": {"pitchClass": 19.0, "noteName": "G", "cents_innacurate": 0.23910000000000053}, "5.875": {"pitchClass": 15.0, "noteName": "D#", "cents_innacurate": -0.35289000000000037}, "6.125": {"pitchClass": 10.0, "noteName": "A#", "cents_innacurate": -0.3331900000000001}, "6.375": {"pitchClass": 27.0, "noteName": "D#", "cents_innacurate": 0.22607}, "6.625": {"pitchClass": 24.0, "noteName": "C", "cents_innacurate": -0.3288100000000007}, "6.875": {"pitchClass": 27.0, "noteName": "D#", "cents_innacurate": 0.3492899999999999}, "7.125": {"pitchClass": 28.0, "noteName": "E", "cents_innacurate": -0.4451999999999998}, "7.375": {"pitchClass": 24.0, "noteName": "C", "cents_innacurate": -0.3288100000000007}, "7.625": {"pitchClass": 20.0, "noteName": "G#", "cents_innacurate": -0.3453799999999987}, "7.875": {"pitchClass": -1.0, "noteName": "B", "cents_innacurate": 0.0}, "8.175": {"pitchClass": 20.0, "noteName": "G#", "cents_innacurate": -0.07628000000000057}, "8.525": {"pitchClass": 22.0, "noteName": "A#", "cents_innacurate": 0.2591999999999999}, "9.125": {"pitchClass": 22.0, "noteName": "A#", "cents_innacurate": 0.2591999999999999}, "9.775": {"pitchClass": 2.0, "noteName": "D", "cents_innacurate": -0.12143999999999999}, "10.025": {"pitchClass": 10.0, "noteName": "A#", "cents_innacurate": -0.3920200000000005}, "10.275": {"pitchClass": 24.0, "noteName": "C", "cents_innacurate": 0.42605999999999966}, "10.675": {"pitchClass": 24.0, "noteName": "C", "cents_innacurate": 0.42605999999999966}, "10.925": {"pitchClass": 24.0, "noteName": "C", "cents_innacurate": 0.42605999999999966}, "11.175": {"pitchClass": 24.0, "noteName": "C", "cents_innacurate": 0.15126000000000062}, "11.425": {"pitchClass": 24.0, "noteName": "C", "cents_innacurate": 0.15126000000000062}, "11.725": {"pitchClass": -1.0, "noteName": "B", "cents_innacurate": 0.0}, "11.975": {"pitchClass": -1.0, "noteName": "B", "cents_innacurate": 0.0}, "12.225": {"pitchClass": 26.0, "noteName": "D", "cents_innacurate": -0.22982999999999976}, "12.475": {"pitchClass": 26.0, "noteName": "D", "cents_innacurate": -0.08014999999999972}, "12.725": {"pitchClass": 26.0, "noteName": "D", "cents_innacurate": -0.08014999999999972}, "12.975": {"pitchClass": 26.0, "noteName": "D", "cents_innacurate": -0.3795099999999998}, "13.225": {"pitchClass": 26.0, "noteName": "D", "cents_innacurate": -0.08014999999999972}, "13.475": {"pitchClass": 26.0, "noteName": "D", "cents_innacurate": -0.30434999999999945}, "13.75": {"pitchClass": 16.0, "noteName": "E", "cents_innacurate": 0.054529999999999745}, "14.025": {"pitchClass": -1.0, "noteName": "B", "cents_innacurate": 0.0}, "14.325": {"pitchClass": 27.0, "noteName": "D#", "cents_innacurate": -0.41321999999999903}, "14.625": {"pitchClass": 27.0, "noteName": "D#", "cents_innacurate": -0.4654500000000006}, "14.875": {"pitchClass": 27.0, "noteName": "D#", "cents_innacurate": -0.41321999999999903}, "15.125": {"pitchClass": 27.0, "noteName": "D#", "cents_innacurate": -0.41321999999999903}, "15.375": {"pitchClass": 27.0, "noteName": "D#", "cents_innacurate": -0.41321999999999903}}