{"0.125": {"pitchClass": 14.0, "noteName": "D", "cents_innacurate": 0.07784000000000013}, "0.375": {"pitchClass": 14.0, "noteName": "D", "cents_innacurate": -0.05497000000000085}, "0.625": {"pitchClass": 14.0, "noteName": "D", "cents_innacurate": 0.08418999999999954}, "0.875": {"pitchClass": 14.0, "noteName": "D", "cents_innacurate": 0.07784000000000013}, "1.125": {"pitchClass": 14.0, "noteName": "D", "cents_innacurate": -0.0358900000000002}, "1.375": {"pitchClass": 14.0, "noteName": "D", "cents_innacurate": 0.008259999999999934}, "1.625": {"pitchClass": 14.0, "noteName": "D", "cents_innacurate": 0.04631000000000007}, "1.875": {"pitchClass": 14.0, "noteName": "D", "cents_innacurate": 0.09689000000000014}, "2.125": {"pitchClass": 14.0, "noteName": "D", "cents_innacurate": 0.09689000000000014}, "2.375": {"pitchClass": 16.0, "noteName": "E", "cents_innacurate": -0.11697999999999986}, "2.625": {"pitchClass": 16.0, "noteName": "E", "cents_innacurate": 0.289200000000001}, "2.875": {"pitchClass": 16.0, "noteName": "E", "cents_innacurate": 0.37620000000000076}, "3.125": {"pitchClass": 17.0, "noteName": "F", "cents_innacurate": -0.47090999999999994}, "3.375": {"pitchClass": 16.0, "noteName": "E", "cents_innacurate": 0.4632000000000005}, "3.625": {"pitchClass": 17.0, "noteName": "F", "cents_innacurate": -0.346309999999999}, "3.875": {"pitchClass": 17.0, "noteName": "F", "cents_innacurate": -0.35367000000000104}, "4.125": {"pitchClass": 18.0, "noteName": "F#", "cents_innacurate": -0.27220000000000155}, "4.375": {"pitchClass": 7.0, "noteName": "G", "cents_innacurate": -0.11540999999999979}, "4.625": {"pitchClass": 7.0, "noteName": "G", "cents_innacurate": -0.34945000000000004}, "4.875": {"pitchClass": 7.0, "noteName": "G", "cents_innacurate": -0.29985000000000017}, "5.125": {"pitchClass": 9.0, "noteName": "A", "cents_innacurate": 0.22081000000000017}, "5.375": {"pitchClass": 7.0, "noteName": "G", "cents_innacurate": -0.34529999999999994}, "5.625": {"pitchClass": 19.0, "noteName": "G", "cents_innacurate": -0.39905999999999864}, "5.875": {"pitchClass": 19.0, "noteName": "G", "cents_innacurate": -0.20006000000000057}, "6.225": {"pitchClass": 19.0, "noteName": "G", "cents_innacurate": 0.49802000000000035}, "6.475": {"pitchClass": 26.0, "noteName": "D", "cents_innacurate": -0.08014999999999972}, "6.725": {"pitchClass": 26.0, "noteName": "D", "cents_innacurate": 0.2757700000000014}, "7.075": {"pitchClass": 23.0, "noteName": "B", "cents_innacurate": -0.06045999999999907}, "7.35": {"pitchClass": 26.0, "noteName": "D", "cents_innacurate": 0.2757700000000014}, "7.725": {"pitchClass": 27.0, "noteName": "D#", "cents_innacurate": -0.41321999999999903}, "7.975": {"pitchClass": 21.0, "noteName": "A", "cents_innacurate": 0.40644999999999953}, "8.325": {"pitchClass": 22.0, "noteName": "A#", "cents_innacurate": 0.016500000000000625}, "8.575": {"pitchClass": 22.0, "noteName": "A#", "cents_innacurate": -0.45892999999999873}, "8.9": {"pitchClass": 22.0, "noteName": "A#", "cents_innacurate": -0.4096599999999988}, "9.225": {"pitchClass": 26.0, "noteName": "D", "cents_innacurate": -0.44410999999999845}, "9.75": {"pitchClass": 24.0, "noteName": "C", "cents_innacurate": -0.4275899999999986}, "10.75": {"pitchClass": 23.0, "noteName": "B", "cents_innacurate": 0.30874999999999986}, "11.725": {"pitchClass": 23.0, "noteName": "B", "cents_innacurate": 0.30874999999999986}, "12.275": {"pitchClass": 25.0, "noteName": "C#", "cents_innacurate": 0.15766999999999953}, "12.525": {"pitchClass": 25.0, "noteName": "C#", "cents_innacurate": -0.010880000000000223}, "12.775": {"pitchClass": 25.0, "noteName": "C#", "cents_innacurate": -0.010880000000000223}, "13.025": {"pitchClass": 25.0, "noteName": "C#", "cents_innacurate": -0.15278999999999954}, "13.275": {"pitchClass": 25.0, "noteName": "C#", "cents_innacurate": -0.29469999999999885}, "13.525": {"pitchClass": 25.0, "noteName": "C#", "cents_innacurate": 0.0368700000000004}, "13.775": {"pitchClass": 25.0, "noteName": "C#", "cents_innacurate": -0.010880000000000223}, "14.025": {"pitchClass": 25.0, "noteName": "C#", "cents_innacurate": 0.1694199999999988}, "14.275": {"pitchClass": 26.0, "noteName": "D", "cents_innacurate": -0.3795099999999998}, "14.525": {"pitchClass": 26.0, "noteName": "D", "cents_innacurate": -0.4527600000000014}, "14.775": {"pitchClass": 26.0, "noteName": "D", "cents_innacurate": -0.3795099999999998}, "15.025": {"pitchClass": 26.0, "noteName": "D", "cents_innacurate": -0.3795099999999998}, "15.275": {"pitchClass": 26.0, "noteName": "D", "cents_innacurate": -0.3795099999999998}, "15.525": {"pitchClass": 26.0, "noteName": "D", "cents_innacurate": -0.3795099999999998}}