{"0.175": {"pitchClass": 15.0, "noteName": "D#", "cents_innacurate": -0.2679399999999994}, "0.425": {"pitchClass": 15.0, "noteName": "D#", "cents_innacurate": -0.2555999999999994}, "0.675": {"pitchClass": 15.0, "noteName": "D#", "cents_innacurate": -0.2687799999999996}, "0.925": {"pitchClass": 15.0, "noteName": "D#", "cents_innacurate": -0.09652999999999956}, "1.175": {"pitchClass": 9.0, "noteName": "A", "cents_innacurate": -0.24562000000000062}, "1.425": {"pitchClass": 15.0, "noteName": "D#", "cents_innacurate": -0.09652999999999956}, "1.675": {"pitchClass": 15.0, "noteName": "D#", "cents_innacurate": 0.0640199999999993}, "1.925": {"pitchClass": 15.0, "noteName": "D#", "cents_innacurate": 0.14504999999999946}, "2.425": {"pitchClass": 17.0, "noteName": "F", "cents_innacurate": -0.10866000000000042}, "2.675": {"pitchClass": 21.0, "noteName": "A", "cents_innacurate": -0.3638200000000005}, "3.05": {"pitchClass": 23.0, "noteName": "B", "cents_innacurate": -0.021000000000000796}, "3.575": {"pitchClass": 25.0, "noteName": "C#", "cents_innacurate": -0.21047000000000082}, "4.025": {"pitchClass": -1.0, "noteName": "B", "cents_innacurate": 0.0}, "4.325": {"pitchClass": 19.0, "noteName": "G", "cents_innacurate": 0.23056000000000054}, "4.575": {"pitchClass": 19.0, "noteName": "G", "cents_innacurate": 0.23910000000000053}, "4.825": {"pitchClass": 19.0, "noteName": "G", "cents_innacurate": 0.23910000000000053}, "5.075": {"pitchClass": 19.0, "noteName": "G", "cents_innacurate": 0.23910000000000053}, "5.325": {"pitchClass": 19.0, "noteName": "G", "cents_innacurate": 0.23910000000000053}, "5.575": {"pitchClass": 19.0, "noteName": "G", "cents_innacurate": 0.23910000000000053}, "5.825": {"pitchClass": 19.0, "noteName": "G", "cents_innacurate": 0.22201000000000093}, "6.225": {"pitchClass": 20.0, "noteName": "G#", "cents_innacurate": 0.22495999999999938}, "6.475": {"pitchClass": 20.0, "noteName": "G#", "cents_innacurate": 0.11630999999999858}, "6.725": {"pitchClass": 20.0, "noteName": "G#", "cents_innacurate": 0.11630999999999858}, "6.975": {"pitchClass": 20.0, "noteName": "G#", "cents_innacurate": 0.11630999999999858}, "7.225": {"pitchClass": 20.0, "noteName": "G#", "cents_innacurate": 0.11630999999999858}, "7.475": {"pitchClass": 20.0, "noteName": "G#", "cents_innacurate": -0.11607000000000056}, "8.125": {"pitchClass": 13.0, "noteName": "C#", "cents_innacurate": 0.07774999999999999}, "8.375": {"pitchClass": 22.0, "noteName": "A#", "cents_innacurate": 0.016500000000000625}, "8.625": {"pitchClass": 22.0, "noteName": "A#", "cents_innacurate": 0.016500000000000625}, "8.875": {"pitchClass": 22.0, "noteName": "A#", "cents_innacurate": 0.2591999999999999}, "9.125": {"pitchClass": 22.0, "noteName": "A#", "cents_innacurate": 0.016500000000000625}, "9.375": {"pitchClass": 22.0, "noteName": "A#", "cents_innacurate": 0.13785000000000025}, "9.625": {"pitchClass": 22.0, "noteName": "A#", "cents_innacurate": 0.13785000000000025}, "10.175": {"pitchClass": 25.0, "noteName": "C#", "cents_innacurate": -0.4343199999999996}, "10.5": {"pitchClass": 24.0, "noteName": "C", "cents_innacurate": 0.42605999999999966}, "10.825": {"pitchClass": 24.0, "noteName": "C", "cents_innacurate": 0.42605999999999966}, "11.075": {"pitchClass": 24.0, "noteName": "C", "cents_innacurate": 0.42605999999999966}, "11.325": {"pitchClass": 24.0, "noteName": "C", "cents_innacurate": 0.13992000000000004}, "11.85": {"pitchClass": 24.0, "noteName": "C", "cents_innacurate": 0.28866000000000014}, "12.375": {"pitchClass": 26.0, "noteName": "D", "cents_innacurate": -0.08014999999999972}, "12.625": {"pitchClass": 26.0, "noteName": "D", "cents_innacurate": -0.08014999999999972}, "12.875": {"pitchClass": 26.0, "noteName": "D", "cents_innacurate": -0.3795099999999998}, "13.125": {"pitchClass": 26.0, "noteName": "D", "cents_innacurate": -0.08014999999999972}, "13.375": {"pitchClass": 26.0, "noteName": "D", "cents_innacurate": -0.3795099999999998}, "13.625": {"pitchClass": 26.0, "noteName": "D", "cents_innacurate": -0.08014999999999972}, "14.275": {"pitchClass": 27.0, "noteName": "D#", "cents_innacurate": -0.41321999999999903}, "14.525": {"pitchClass": 27.0, "noteName": "D#", "cents_innacurate": -0.41321999999999903}, "14.775": {"pitchClass": 27.0, "noteName": "D#", "cents_innacurate": -0.4393400000000014}, "15.025": {"pitchClass": 27.0, "noteName": "D#", "cents_innacurate": -0.41321999999999903}, "15.275": {"pitchClass": 27.0, "noteName": "D#", "cents_innacurate": -0.41321999999999903}, "15.525": {"pitchClass": 27.0, "noteName": "D#", "cents_innacurate": -0.41321999999999903}}