{"0.175": {"pitchClass": 21.0, "noteName": "A", "cents_innacurate": 0.4449299999999994}, "0.425": {"pitchClass": 22.0, "noteName": "A#", "cents_innacurate": -0.49639000000000166}, "0.675": {"pitchClass": 22.0, "noteName": "A#", "cents_innacurate": -0.36067999999999856}, "0.925": {"pitchClass": 23.0, "noteName": "B", "cents_innacurate": -0.24494999999999933}, "1.175": {"pitchClass": 21.0, "noteName": "A", "cents_innacurate": 0.337769999999999}, "1.425": {"pitchClass": 15.0, "noteName": "D#", "cents_innacurate": -0.09652999999999956}, "1.675": {"pitchClass": 23.0, "noteName": "B", "cents_innacurate": -0.36980000000000146}, "1.925": {"pitchClass": 15.0, "noteName": "D#", "cents_innacurate": 0.07746999999999993}, "2.325": {"pitchClass": 23.0, "noteName": "B", "cents_innacurate": -0.43796999999999997}, "2.575": {"pitchClass": 19.0, "noteName": "G", "cents_innacurate": 0.15700000000000003}, "2.825": {"pitchClass": 17.0, "noteName": "F", "cents_innacurate": -0.06384999999999863}, "3.075": {"pitchClass": 25.0, "noteName": "C#", "cents_innacurate": -0.34074000000000026}, "3.325": {"pitchClass": 17.0, "noteName": "F", "cents_innacurate": 0.026009999999999422}, "3.575": {"pitchClass": 25.0, "noteName": "C#", "cents_innacurate": -0.29469999999999885}, "4.175": {"pitchClass": 19.0, "noteName": "G", "cents_innacurate": 0.18823000000000079}, "4.425": {"pitchClass": 17.0, "noteName": "F", "cents_innacurate": -0.2625099999999989}, "4.675": {"pitchClass": 19.0, "noteName": "G", "cents_innacurate": 0.23910000000000053}, "4.925": {"pitchClass": 19.0, "noteName": "G", "cents_innacurate": 0.23910000000000053}, "5.175": {"pitchClass": 19.0, "noteName": "G", "cents_innacurate": 0.23056000000000054}, "5.425": {"pitchClass": 19.0, "noteName": "G", "cents_innacurate": 0.23056000000000054}, "5.675": {"pitchClass": 19.0, "noteName": "G", "cents_innacurate": 0.23910000000000053}, "6.175": {"pitchClass": 20.0, "noteName": "G#", "cents_innacurate": 0.3336199999999998}, "6.425": {"pitchClass": 27.0, "noteName": "D#", "cents_innacurate": 0.4176099999999998}, "6.675": {"pitchClass": 24.0, "noteName": "C", "cents_innacurate": -0.3016299999999994}, "6.925": {"pitchClass": 27.0, "noteName": "D#", "cents_innacurate": 0.4181600000000003}, "7.175": {"pitchClass": 28.0, "noteName": "E", "cents_innacurate": -0.4451999999999998}, "7.425": {"pitchClass": 24.0, "noteName": "C", "cents_innacurate": -0.3288100000000007}, "7.975": {"pitchClass": 9.0, "noteName": "A", "cents_innacurate": 0.32731000000000066}, "8.275": {"pitchClass": 22.0, "noteName": "A#", "cents_innacurate": 0.07738000000000156}, "8.575": {"pitchClass": 31.0, "noteName": "G", "cents_innacurate": -0.16551000000000116}, "8.875": {"pitchClass": 30.0, "noteName": "F#", "cents_innacurate": 0.21475999999999829}, "9.125": {"pitchClass": 31.0, "noteName": "G", "cents_innacurate": -0.3990299999999998}, "9.375": {"pitchClass": 31.0, "noteName": "G", "cents_innacurate": -0.4319999999999986}, "9.625": {"pitchClass": 25.0, "noteName": "C#", "cents_innacurate": -0.1289100000000012}, "10.275": {"pitchClass": 24.0, "noteName": "C", "cents_innacurate": 0.42605999999999966}, "10.65": {"pitchClass": 24.0, "noteName": "C", "cents_innacurate": 0.42605999999999966}, "10.975": {"pitchClass": 24.0, "noteName": "C", "cents_innacurate": 0.42605999999999966}, "11.225": {"pitchClass": 24.0, "noteName": "C", "cents_innacurate": 0.15126000000000062}, "11.475": {"pitchClass": 24.0, "noteName": "C", "cents_innacurate": 0.15126000000000062}, "12.375": {"pitchClass": 26.0, "noteName": "D", "cents_innacurate": -0.08014999999999972}, "12.625": {"pitchClass": 26.0, "noteName": "D", "cents_innacurate": -0.08014999999999972}, "12.875": {"pitchClass": 26.0, "noteName": "D", "cents_innacurate": -0.3795099999999998}, "13.125": {"pitchClass": 26.0, "noteName": "D", "cents_innacurate": -0.08014999999999972}, "13.375": {"pitchClass": 26.0, "noteName": "D", "cents_innacurate": -0.3795099999999998}, "13.625": {"pitchClass": 26.0, "noteName": "D", "cents_innacurate": -0.08014999999999972}, "14.275": {"pitchClass": 27.0, "noteName": "D#", "cents_innacurate": -0.41321999999999903}, "14.575": {"pitchClass": 27.0, "noteName": "D#", "cents_innacurate": -0.4393400000000014}, "14.9": {"pitchClass": 27.0, "noteName": "D#", "cents_innacurate": -0.4393400000000014}, "15.225": {"pitchClass": 27.0, "noteName": "D#", "cents_innacurate": -0.41321999999999903}, "15.475": {"pitchClass": 27.0, "noteName": "D#", "cents_innacurate": -0.41321999999999903}}