{"1.0": {"pitchClass": 38.0, "noteName": "D", "cents_innacurate": -0.07685775425862573}, "3.0": {"pitchClass": 40.0, "noteName": "E", "cents_innacurate": -0.17685775425862715}, "5.0": {"pitchClass": 42.0, "noteName": "F#", "cents_innacurate": 0.12314224574137}, "7.0": {"pitchClass": 43.0, "noteName": "G", "cents_innacurate": -0.17685775425863426}, "9.0": {"pitchClass": 45.0, "noteName": "A", "cents_innacurate": 0.12314224574137}, "11.0": {"pitchClass": 47.0, "noteName": "B", "cents_innacurate": 0.32314224574136574}, "13.0": {"pitchClass": 49.0, "noteName": "C#", "cents_innacurate": 0.22314224574136432}, "15.0": {"pitchClass": 50.0, "noteName": "D", "cents_innacurate": 0.023142245741368583}, "17.0": {"pitchClass": 50.0, "noteName": "D", "cents_innacurate": 0.1231422457413629}}